{"industry_code":{"0":10,"1":10},"industry_title":{"0":"10 Total, all industries","1":"Total, all industries"},"2020.25_derive":{"0":1711053187.0,"1":null},"-6":{"0":null,"1":0.1174277227},"-5":{"0":null,"1":0.0949935696},"-4":{"0":null,"1":0.0998732883},"-3":{"0":null,"1":0.0929119442},"-2":{"0":null,"1":0.1083437848},"-1":{"0":null,"1":0.0952398016},"0":{"0":null,"1":0.1067637443},"1":{"0":null,"1":0.1084228367},"2":{"0":null,"1":0.1203183822},"3":{"0":null,"1":0.1046632692},"4":{"0":null,"1":0.1105422197},"5":{"0":null,"1":0.1069541023},"6":{"0":null,"1":0.1247834216},"7":{"0":null,"1":0.1092298034},"8":{"0":null,"1":0.113529761},"9":{"0":null,"1":0.1073820179},"10":{"0":null,"1":0.1194772792},"11":{"0":null,"1":0.1002923415},"12":{"0":null,"1":0.1020729548},"13":{"0":null,"1":0.0933638026},"14":{"0":null,"1":0.1049859643},"15":{"0":null,"1":0.0851761042},"16":{"0":null,"1":0.0843412275},"17":{"0":null,"1":0.0780057643},"18":{"0":null,"1":0.0862048879},"19":{"0":null,"1":0.0670674855},"20":{"0":null,"1":0.0701324922},"21":{"0":null,"1":0.0632832833},"22":{"0":null,"1":0.0739636027},"23":{"0":null,"1":0.0557341418},"24":{"0":null,"1":0.0615545992},"25":{"0":null,"1":0.0547208512},"26":{"0":null,"1":0.0706762322},"27":{"0":null,"1":0.0580457978},"28":{"0":null,"1":0.0681751754},"29":{"0":null,"1":0.0764297141},"30":{"0":null,"1":0.1090224361},"31":{"0":null,"1":0.1050780772},"32":{"0":null,"1":0.1159277582},"33":{"0":null,"1":0.1137922891},"34":{"0":null,"1":0.1285543644},"35":{"0":null,"1":0.1076304963},"36":{"0":null,"1":0.1141254855},"37":{"0":null,"1":0.107070686},"38":{"0":null,"1":0.1176865288},"39":{"0":null,"1":0.1003699944},"40":{"0":null,"1":0.1004147497},"41":{"0":null,"1":0.0953023584},"42":{"0":null,"1":0.1022036841},"43":{"0":null,"1":0.0836932442},"44":{"0":null,"1":0.0862696892},"45":{"0":null,"1":0.0775941423},"46":{"0":null,"1":0.0661122467},"47":{"0":null,"1":0.0467702024},"48":{"0":null,"1":0.0478887025},"49":{"0":null,"1":0.0393543},"50":{"0":null,"1":0.0503894303},"51":{"0":null,"1":0.0284153972},"52":{"0":null,"1":0.0288088282},"53":{"0":null,"1":0.0178108605},"54":{"0":null,"1":0.0304795047},"55":{"0":null,"1":0.008767959},"56":{"0":null,"1":0.0111447399},"57":{"0":null,"1":0.0},"58":{"0":null,"1":1.0},"59":{"0":null,"1":1.0},"60":{"0":null,"1":1.0},"61":{"0":null,"1":1.0},"62":{"0":null,"1":1.0},"63":{"0":null,"1":1.0},"64":{"0":null,"1":1.0},"65":{"0":null,"1":1.0},"66":{"0":null,"1":1.0},"67":{"0":null,"1":1.0},"68":{"0":null,"1":1.0},"69":{"0":null,"1":1.0},"70":{"0":null,"1":1.0},"71":{"0":null,"1":1.0},"72":{"0":null,"1":1.0},"73":{"0":null,"1":1.0},"74":{"0":null,"1":1.0},"75":{"0":null,"1":0.0}}