{"industry_code":{"0":10,"1":10},"industry_title":{"0":"10 Total, all industries","1":"Total, all industries"},"2020.25_derive":{"0":117120088.0,"1":null},"-6":{"0":null,"1":0.2151440947},"-5":{"0":null,"1":0.2112598097},"-4":{"0":null,"1":0.2056798931},"-3":{"0":null,"1":0.2022771155},"-2":{"0":null,"1":0.200576904},"-1":{"0":null,"1":0.1972334527},"0":{"0":null,"1":0.1921090046},"1":{"0":null,"1":0.1875879298},"2":{"0":null,"1":0.1857846707},"3":{"0":null,"1":0.1848424777},"4":{"0":null,"1":0.178433425},"5":{"0":null,"1":0.172704431},"6":{"0":null,"1":0.1712568985},"7":{"0":null,"1":0.1693981821},"8":{"0":null,"1":0.1663579178},"9":{"0":null,"1":0.1623398095},"10":{"0":null,"1":0.1582983953},"11":{"0":null,"1":0.1575611803},"12":{"0":null,"1":0.1494692292},"13":{"0":null,"1":0.1418941504},"14":{"0":null,"1":0.1406903218},"15":{"0":null,"1":0.1361503733},"16":{"0":null,"1":0.1276945423},"17":{"0":null,"1":0.1223190866},"18":{"0":null,"1":0.1192844825},"19":{"0":null,"1":0.1156321654},"20":{"0":null,"1":0.1067751782},"21":{"0":null,"1":0.0982999012},"22":{"0":null,"1":0.1026022861},"23":{"0":null,"1":0.095348594},"24":{"0":null,"1":0.0877799049},"25":{"0":null,"1":0.0810128818},"26":{"0":null,"1":0.0855182594},"27":{"0":null,"1":0.0821253896},"28":{"0":null,"1":0.0773302875},"29":{"0":null,"1":0.0749307836},"30":{"0":null,"1":0.0914559248},"31":{"0":null,"1":0.0900667305},"32":{"0":null,"1":0.0868072778},"33":{"0":null,"1":0.0840493787},"34":{"0":null,"1":0.0959705638},"35":{"0":null,"1":0.0916407364},"36":{"0":null,"1":0.086690786},"37":{"0":null,"1":0.0805848649},"38":{"0":null,"1":0.0887212853},"39":{"0":null,"1":0.0838966817},"40":{"0":null,"1":0.0776611756},"41":{"0":null,"1":0.0728761844},"42":{"0":null,"1":0.0886754587},"43":{"0":null,"1":0.0702970582},"44":{"0":null,"1":0.0762427845},"45":{"0":null,"1":0.0711701003},"46":{"0":null,"1":0.0549250159},"47":{"0":null,"1":0.0476958022},"48":{"0":null,"1":0.0410110787},"49":{"0":null,"1":0.0353727499},"50":{"0":null,"1":0.0362778606},"51":{"0":null,"1":0.0338945525},"52":{"0":null,"1":0.0271539376},"53":{"0":null,"1":0.0187630562},"54":{"0":null,"1":0.0235095707},"55":{"0":null,"1":0.0178145658},"56":{"0":null,"1":0.0085797559},"57":{"0":null,"1":0.0},"58":{"0":null,"1":1.0},"59":{"0":null,"1":1.0},"60":{"0":null,"1":1.0},"61":{"0":null,"1":1.0},"62":{"0":null,"1":1.0},"63":{"0":null,"1":1.0},"64":{"0":null,"1":1.0},"65":{"0":null,"1":1.0},"66":{"0":null,"1":1.0},"67":{"0":null,"1":1.0},"68":{"0":null,"1":1.0},"69":{"0":null,"1":1.0},"70":{"0":null,"1":1.0},"71":{"0":null,"1":1.0},"72":{"0":null,"1":1.0},"73":{"0":null,"1":1.0},"74":{"0":null,"1":1.0},"75":{"0":null,"1":0.0}}