{"industry_code":{"0":10,"1":10},"industry_title":{"0":"10 Total, all industries","1":"Total, all industries"},"2020.25_derive":{"0":16649875.0,"1":null},"-6":{"0":null,"1":0.4095134686},"-5":{"0":null,"1":0.4152853056},"-4":{"0":null,"1":0.4116746823},"-3":{"0":null,"1":0.3859555909},"-2":{"0":null,"1":0.3576385498},"-1":{"0":null,"1":0.3578531419},"0":{"0":null,"1":0.3637378759},"1":{"0":null,"1":0.3371575839},"2":{"0":null,"1":0.3396213034},"3":{"0":null,"1":0.3327258466},"4":{"0":null,"1":0.33929501},"5":{"0":null,"1":0.3144710385},"6":{"0":null,"1":0.3234236852},"7":{"0":null,"1":0.3181449067},"8":{"0":null,"1":0.3208331613},"9":{"0":null,"1":0.2973428078},"10":{"0":null,"1":0.2997495753},"11":{"0":null,"1":0.2942480867},"12":{"0":null,"1":0.2819593184},"13":{"0":null,"1":0.2561113458},"14":{"0":null,"1":0.2786840504},"15":{"0":null,"1":0.2503607162},"16":{"0":null,"1":0.2570182337},"17":{"0":null,"1":0.2354228359},"18":{"0":null,"1":0.2268663981},"19":{"0":null,"1":0.2337112589},"20":{"0":null,"1":0.2237486445},"21":{"0":null,"1":0.2068621289},"22":{"0":null,"1":0.2125932501},"23":{"0":null,"1":0.1878021911},"24":{"0":null,"1":0.209248507},"25":{"0":null,"1":0.1564672667},"26":{"0":null,"1":0.1898339573},"27":{"0":null,"1":0.1611098203},"28":{"0":null,"1":0.1876225881},"29":{"0":null,"1":0.1270217603},"30":{"0":null,"1":0.1827117628},"31":{"0":null,"1":0.1681250334},"32":{"0":null,"1":0.1692139155},"33":{"0":null,"1":0.1071587066},"34":{"0":null,"1":0.1836912093},"35":{"0":null,"1":0.1593663377},"36":{"0":null,"1":0.1649442237},"37":{"0":null,"1":0.0819560208},"38":{"0":null,"1":0.1577161805},"39":{"0":null,"1":0.1050928951},"40":{"0":null,"1":0.1043922926},"41":{"0":null,"1":0.1008827982},"42":{"0":null,"1":0.1013389796},"43":{"0":null,"1":0.1141873237},"44":{"0":null,"1":0.112758807},"45":{"0":null,"1":0.0832372808},"46":{"0":null,"1":0.0883051171},"47":{"0":null,"1":0.0931623258},"48":{"0":null,"1":0.0869155541},"49":{"0":null,"1":0.0825941336},"50":{"0":null,"1":0.0618264575},"51":{"0":null,"1":0.0863798289},"52":{"0":null,"1":0.0616698241},"53":{"0":null,"1":0.0566678758},"54":{"0":null,"1":0.0355595582},"55":{"0":null,"1":0.0650168955},"56":{"0":null,"1":0.0315224565},"57":{"0":null,"1":0.0},"58":{"0":null,"1":1.0},"59":{"0":null,"1":1.0},"60":{"0":null,"1":1.0},"61":{"0":null,"1":1.0},"62":{"0":null,"1":1.0},"63":{"0":null,"1":1.0},"64":{"0":null,"1":1.0},"65":{"0":null,"1":1.0},"66":{"0":null,"1":1.0},"67":{"0":null,"1":1.0},"68":{"0":null,"1":1.0},"69":{"0":null,"1":1.0},"70":{"0":null,"1":1.0},"71":{"0":null,"1":1.0},"72":{"0":null,"1":1.0},"73":{"0":null,"1":1.0},"74":{"0":null,"1":1.0},"75":{"0":null,"1":0.0}}